user,localityId, localityName, dataId, x, y, latitude, longitude, zone, altitude, horiz_precision, vert_precision, planeType, dip, dipAzimuth, strike, declination, unitId, timedate, notes,dike ID,pole_trend,pole_plunge
Nick,3142608518a38e51b1d5ca8e90476a25, Locality 1, 15b9bb974d2023bfdf461b59373f0482,403853.8778,5043052.149,45.53436837,-94.23139301, 15T,4,10,-1, Dike orientation ,83.59564209,225.386734,135.386734,0.10498333, Diabase Dike, Fri Jul 27 10:21:01 2018, NWD1 ,NWD1,,
Nick,3142608518a38e51b1d5ca8e90476a25, Locality 1, b2c01bac2f56795c1d4790445af97ea9,403852.1801,5043048.161,45.53433225,-94.23141397, 15T,4,5,-1, Dike orientation ,87.24465942,219.7212677,129.7212677,0.10498333, Diabase Dike, Fri Jul 27 10:19:20 2018, ,NWD1,,
Nick,3142608518a38e51b1d5ca8e90476a25, Locality 1, e9ebc2251aab1231abf8ad1c419f994c,403859.0303,5043038.97,45.53425048,-94.23132445, 15T,4,5,-1, Dike orientation ,84.99736786,156.6041107,66.60411072,0.10498333, Diabase Dike, Fri Jul 27 10:18:53 2018, NED17 ,NED17,,
Nick,3142608518a38e51b1d5ca8e90476a25, Locality 1, bf64a51e6c760e2cbb4d7cd05926ec65,403859.0303,5043038.97,45.53425048,-94.23132445, 15T,4,5,-1, Dike orientation ,86.73201752,158.1271362,68.12713623,0.10498333, Diabase Dike, Fri Jul 27 09:13:30 2018, NED17 ,NED17,,
Nick,3142608518a38e51b1d5ca8e90476a25, Locality 1, 55312b8197ac6a5a7298abd2ecb76630,403861.3941,5043039.012,45.53425119,-94.23129419, 15T,4,5,-1, Dike orientation ,85.43199158,158.1677704,68.16777039,0.10498333, Diabase Dike, Fri Jul 27 09:13:12 2018, NED17 ,NED17,,
Nick,3142608518a38e51b1d5ca8e90476a25, Locality 1, 00e28bb7363d430fda74bcefee3ebb3f,403862.4245,5043051.566,45.53436431,-94.23128346, 15T,6,5,-1, Dike orientation ,85.35916901,164.0175018,74.01750183,0.10498333, Diabase Dike, Fri Jul 27 09:12:51 2018, NED17 ,NED17,,
Nick,3142608518a38e51b1d5ca8e90476a25, Locality 1, 7e3af0ae28515a926b22e68f1f9463f9,403861.7938,5043053.122,45.53437822,-94.23129184, 15T,6,5,-1, Dike orientation ,81.28200531,160.7101898,70.71018982,0.10498333, Diabase Dike, Fri Jul 27 09:12:26 2018, NED17,NED17,,
Nick,3142608518a38e51b1d5ca8e90476a25, Locality 1, 65b8dadf59d50a7443e39aac94686c75,403858.28,5043049.376,45.53434402,-94.2313361, 15T,8,5,-1, Dike orientation ,88.01332092,163.9138641,73.91386414,0.10498333, Diabase Dike, Fri Jul 27 09:12:01 2018, NED17,NED17,,
Nick,3142608518a38e51b1d5ca8e90476a25, Locality 1, 326af54f1dbd6647b51f94e2187c31f1,403854.1044,5043029.368,45.53416339,-94.23138564, 15T,4,10,-1, Dike orientation ,88.77415466,231.5084992,141.5084992,0.10498333, Diabase Dike, Fri Jul 27 08:46:08 2018, NWD1,NWD1,,
Nick,3142608518a38e51b1d5ca8e90476a25, Locality 1, 488156ef3fcc2ea9c30e5f5e079455cf,403854.4955,5043026.702,45.53413946,-94.2313801, 15T,4,10,-1, Dike orientation ,88.34149933,51.53743362,321.5374451,0.10498333, Diabase Dike, Fri Jul 27 08:45:19 2018, NWD1 in corner by baked contact,NWD1,,
Nick,3142608518a38e51b1d5ca8e90476a25, Locality 1, 49983059ef11bdd49c676461580e37ac,403632.6597,5042592.236,45.53019905,-94.23413507, 15T,3,5,-1, Dike orientation ,77.83866119,151.5231628,61.52316284,0.10498333, Diabase Dike, Thu Jul 26 18:31:26 2018, ,NED19,,
Nick,3142608518a38e51b1d5ca8e90476a25, Locality 1, 6e849a09e555d057a13b856d014b6edf,403633.0332,5042596.52,45.53023764,-94.23413113, 15T,4,5,-1, Dike orientation ,79.06409454,155.2452393,65.24523926,0.10498333, Diabase Dike, Thu Jul 26 18:31:17 2018, ,NED19,,
Nick,3142608518a38e51b1d5ca8e90476a25, Locality 1, 8bfd78896656865572b6bc57c3ea5cf2,404336.4423,5043394.692,45.53751738,-94.22528094, 15T,29.24679184,1414,-1, Dike orientation ,77.04707336,151.8324738,61.83247375,0.10498333, Diabase Dike, Thu Jul 26 18:30:54 2018, ,NED19,,
Nick,3142608518a38e51b1d5ca8e90476a25, Locality 1, 56357c64552d326d8d7dc102cc793296,403913.967,5042700.918,45.53121594,-94.23055465, 15T,3,5,-1, Dike orientation ,85.49252319,171.4312439,81.4312439,0.10498333, Diabase Dike, Thu Jul 26 17:23:17 2018, NED18 ,NED18,,
Nick,3142608518a38e51b1d5ca8e90476a25, Locality 1, ea4dde32bdba20f12154fd57cf5a76ad,403915.5556,5042701.201,45.5312187,-94.23053437, 15T,4,10,-1, Dike orientation ,85.00460815,153.4219971,63.42199707,0.10498333, Diabase Dike, Thu Jul 26 17:22:52 2018, NED18 ,NED18,,
Nick,3142608518a38e51b1d5ca8e90476a25, Locality 1, 7e17bd8488fac91e3708977db7720b02,403915.5116,5042702.175,45.53122746,-94.23053512, 15T,4,5,-1, Dike orientation ,82.56098175,154.4366303,64.43663025,0.10498333, Diabase Dike, Thu Jul 26 17:22:29 2018, NED18,NED18,,
Nick,3142608518a38e51b1d5ca8e90476a25, Locality 1, 93202835acb6551cf9d64cde26a228c9,403911.7689,5042701.865,45.53122415,-94.23058298, 15T,4,5,-1, Dike orientation ,83.22763824,184.6870422,94.68704224,0.10498333, Diabase Dike, Thu Jul 26 17:21:43 2018, NED18,NED18,,
Nick,3142608518a38e51b1d5ca8e90476a25, Locality 1, 7488c96a265d0b12e332d299a2b04883,403883.7619,5042980.101,45.53372414,-94.23099621, 15T,4,5,-1, Dike orientation ,88.56986237,37.14319992,307.1431885,0.10498333, Diabase Dike, Thu Jul 26 13:35:50 2018, NWD1 (joint in granite near dike margin),NWD1,,
Nick,3142608518a38e51b1d5ca8e90476a25, Locality 1, b1c2f2c9c28ddd1f30d57d19f8b847ab,403882.0538,5042977.147,45.53369732,-94.2310175, 15T,3,10,-1, Dike orientation ,88.41374207,215.7256928,125.7256928,0.10498333, Diabase Dike, Thu Jul 26 13:30:05 2018, ,NWD1,,
Nick,3142608518a38e51b1d5ca8e90476a25, Locality 1, d1f454b0d673b84f802a93543c640a49,403882.0671,5042977.584,45.53370126,-94.23101742, 15T,3,5,-1, Dike orientation ,87.7607193,38.32612991,308.3261414,0.10498333, Diabase Dike, Thu Jul 26 13:27:19 2018, NWD1,NWD1,,
Nick,3142608518a38e51b1d5ca8e90476a25, Locality 1, 51aced12dea02437f259ce06a0ea66fb,403882.0671,5042977.584,45.53370126,-94.23101742, 15T,3,5,-1, Dike orientation ,89,215.1522522,125.1522522,0.10498333, Diabase Dike, Thu Jul 26 13:25:40 2018, NWD1,NWD1,,
Nick,3142608518a38e51b1d5ca8e90476a25, Locality 1, 2f1891cfb554a05a9bbc532d08ab3e14,403777.5909,5043333.158,45.53688663,-94.23242508, 15T,3,5,-1, Dike orientation ,83.91423798,154.5029755,64.50297546,0.10498333, Diabase Dike, Thu Jul 26 09:57:59 2018, NED15 ,NED15,,
Nick,3142608518a38e51b1d5ca8e90476a25, Locality 1, 8c0f7cb86331c5330e2a20c6748644f4,403777.5909,5043333.158,45.53688663,-94.23242508, 15T,3,5,-1, Dike orientation ,85.4462204,154.254303,64.25430298,0.10498333, Diabase Dike, Thu Jul 26 09:57:46 2018, NED15 ,NED15,,
Nick,3142608518a38e51b1d5ca8e90476a25, Locality 1, 8eccedbe1e5a74e51d068ffcf0f0031a,403777.5909,5043333.158,45.53688663,-94.23242508, 15T,3,5,-1, Dike orientation ,84.17456055,162.9447937,72.9447937,0.10498333, Diabase Dike, Thu Jul 26 09:55:11 2018, NED15 ,NED15,,
Nick,3142608518a38e51b1d5ca8e90476a25, Locality 1, aa4cea951ced69d6b4a49e19bb34b7fe,403777.5909,5043333.158,45.53688663,-94.23242508, 15T,3,5,-1, Dike orientation ,83.11364746,152.7086029,62.70860291,0.10498333, Diabase Dike, Thu Jul 26 09:54:40 2018, NED15 ,NED15,,
Nick,3142608518a38e51b1d5ca8e90476a25, Locality 1, 5a31f5920edb8407dc30024cca423d95,403777.5909,5043333.158,45.53688663,-94.23242508, 15T,3,5,-1, Dike orientation ,82.13449097,155.1712341,65.17123413,0.10498333, Diabase Dike, Thu Jul 26 09:54:02 2018, NED15,NED15,,
Nick,3142608518a38e51b1d5ca8e90476a25, Locality 1, b2a5560c700e300b92becdb9d96f7b37,403275.9363,5043124.039,45.53493528,-94.23880748, 15T,3,5,-1, Dike orientation ,88.26232147,344.1198425,254.1198425,0.10498333, Diabase Dike, Wed Jul 25 15:42:28 2018, NED14 ,NED14,,
Nick,3142608518a38e51b1d5ca8e90476a25, Locality 1, 3edc920df476a7e2362ebd9b4f530432,403274.6105,5043117.451,45.53487581,-94.23882315, 15T,4,5,-1, Dike orientation ,87.56578064,158.6880798,68.68807983,0.10498333, Diabase Dike, Wed Jul 25 15:41:50 2018, NED14,NED14,,
Nick,3142608518a38e51b1d5ca8e90476a25, Locality 1, 1b63151c86f294614b6a9025e2a7095a,403274.6105,5043117.451,45.53487581,-94.23882315, 15T,4,5,-1, Dike orientation ,88.89877319,338.6343689,248.6343689,0.10498333, Diabase Dike, Wed Jul 25 15:41:30 2018, NED14,NED14,,
Nick,3142608518a38e51b1d5ca8e90476a25, Locality 1, 406bfdf30b7d696666ef3536cd33e3db,403268.3751,5043111.702,45.53482322,-94.23890186, 15T,4,10,-1, Dike orientation ,88.75576019,345.1052551,255.1052551,0.10498333, Diabase Dike, Wed Jul 25 15:41:18 2018, NED14,NED14,,
Nick,3142608518a38e51b1d5ca8e90476a25, Locality 1, 9fbd22925eb850fa010ca6c203c46f13,403271.0975,5043124.379,45.53493767,-94.2388695, 15T,3,5,-1, Dike orientation ,85.51176453,339.2935791,249.2935791,0.10498333, Diabase Dike, Wed Jul 25 14:26:55 2018, ,NED13,,
Nick,3142608518a38e51b1d5ca8e90476a25, Locality 1, cc7ba6f3b7aa90aa6621157ae4c92af0,403269.6748,5043124.238,45.5349362,-94.23888769, 15T,4,5,-1, Dike orientation ,84.92149353,335.1911926,245.1911926,0.10498333, Diabase Dike, Wed Jul 25 14:26:40 2018, NED13 ,NED13,,
Nick,3142608518a38e51b1d5ca8e90476a25, Locality 1, 6de0b2b7b5566fd31b687bce95dfbb12,403270.9042,5043124.582,45.53493947,-94.23887202, 15T,3,5,-1, Dike orientation ,85.2280426,346.5542603,256.5542603,0.10498333, Diabase Dike, Wed Jul 25 14:24:44 2018, NED13,NED13,,
Nick,3142608518a38e51b1d5ca8e90476a25, Locality 1, 2a8c35ba9f92e24dc1a2503fd3cf73e1,403248.2629,5043115.757,45.53485691,-94.23916019, 15T,4,5,-1, Dike orientation ,88.90795898,340.4156189,250.4156189,0.10498333, Diabase Dike, Wed Jul 25 13:24:22 2018, NED12 ,NED12,,
Nick,3142608518a38e51b1d5ca8e90476a25, Locality 1, f6da2eee4cec6f4cbf05f9ae50474205,403244.2287,5043115.638,45.53485528,-94.23921182, 15T,4,5,-1, Dike orientation ,88.9005661,151.2169037,61.21690369,0.10498333, Diabase Dike, Wed Jul 25 13:24:08 2018, NED12 ,NED12,,
Nick,3142608518a38e51b1d5ca8e90476a25, Locality 1, 8f85597ca073764ea252ed7702d22480,403244.2287,5043115.638,45.53485528,-94.23921182, 15T,4,5,-1, Dike orientation ,82.26320648,332.3121643,242.3121643,0.10498333, Diabase Dike, Wed Jul 25 13:23:41 2018, NED12 ,NED12,,
Nick,3142608518a38e51b1d5ca8e90476a25, Locality 1, fc9a984b802b51f759a6e1092ad690fd,403244.2287,5043115.638,45.53485528,-94.23921182, 15T,4,5,-1, Dike orientation ,89,339.1397095,249.1397095,0.10498333, Diabase Dike, Wed Jul 25 13:23:20 2018, NED12,NED12,,
Nick,3142608518a38e51b1d5ca8e90476a25, Locality 1, c086101531f8c3fded93c36f46671f8a,403236.5172,5043119.012,45.53488457,-94.23931123, 15T,3,5,-1, Dike orientation ,87.60096741,155.9266968,65.92669678,0.10498333, Diabase Dike, Wed Jul 25 12:23:18 2018, ,NED12,,
Nick,3142608518a38e51b1d5ca8e90476a25, Locality 1, 5107ddc59a25689f6529719479d6599d,402990.1773,5042861.829,45.53253592,-94.24241454, 15T,3,5,-1, Dike orientation ,77.09698486,320.8571777,230.8571777,0.10498333, Diabase Dike, Wed Jul 25 10:24:43 2018, NED11 ,NED11,,
Nick,3142608518a38e51b1d5ca8e90476a25, Locality 1, aa60b58a553cfd05fc4b43031d41f644,402989.2212,5042858.849,45.53250897,-94.24242619, 15T,3,5,-1, Dike orientation ,80.3741684,315.7807007,225.7807007,0.10498333, Diabase Dike, Wed Jul 25 10:24:05 2018, NED11,NED11,,
Nick,3142608518a38e51b1d5ca8e90476a25, Locality 1, ab19d62c31472c2b65eebf32afa8c66f,402974.0692,5042865.362,45.53256547,-94.24262149, 15T,4,5,-1, Dike orientation ,84.62543488,330.637146,240.637146,0.10498333, Diabase Dike, Wed Jul 25 09:42:57 2018, NED10 ,NED10,,
Nick,3142608518a38e51b1d5ca8e90476a25, Locality 1, 8d4be9848ca0797200513dc8f87abc00,402974.6472,5042864.216,45.53255524,-94.24261387, 15T,3,5,-1, Dike orientation ,82.62858582,335.8204956,245.8204956,0.10498333, Diabase Dike, Wed Jul 25 09:41:27 2018, NED10,NED10,,
Nick,3142608518a38e51b1d5ca8e90476a25, Locality 1, 380427acbec058a8e07199627a2cdd8a,402974.6472,5042864.216,45.53255524,-94.24261387, 15T,3,5,-1, Dike orientation ,77.79263306,328.2469788,238.2469788,0.10498333, Diabase Dike, Wed Jul 25 09:41:10 2018, NED10,NED10,,
Nick,3142608518a38e51b1d5ca8e90476a25, Locality 1, 3de5f12a05eb6fc2e42e5594a29d5637,402998.4322,5042882.137,45.53271982,-94.24231287, 15T,0,-1,-1, Dike orientation ,84.69155884,147.3101502,57.31015015,0.10498333, Diabase Dike, Wed Jul 25 09:21:09 2018, NED9,NED9,,
Nick,3142608518a38e51b1d5ca8e90476a25, Locality 1, 554cfe626ae698b161cde38d0b4a5f20,402998.4322,5042882.137,45.53271982,-94.24231287, 15T,0,-1,-1, Dike orientation ,82.3727417,145.4512787,55.45127869,0.10498333, Diabase Dike, Wed Jul 25 09:20:58 2018, NED9,NED9,,
Nick,3142608518a38e51b1d5ca8e90476a25, Locality 1, ee26e5c577134e776b4a8d432275cd17,402998.4322,5042882.137,45.53271982,-94.24231287, 15T,0,-1,-1, Dike orientation ,88.24266815,142.2051086,52.20510864,0.10498333, Diabase Dike, Wed Jul 25 09:20:47 2018, NED9 ,NED9,,
Nick,3142608518a38e51b1d5ca8e90476a25, Locality 1, 3f691397e02101b2c95b8cd3cfa3df61,403007.3268,5042899.789,45.53287991,-94.24220248, 15T,4,5,-1, Dike orientation ,84.88124847,342.8635559,252.8635559,0.10498333, Diabase Dike, Tue Jul 24 15:26:37 2018, NED8,NED8,,
Nick,3142608518a38e51b1d5ca8e90476a25, Locality 1, 0f6f4a67cf0dab239258e4172157eaba,403007.3268,5042899.789,45.53287991,-94.24220248, 15T,4,10,-1, Dike orientation ,87.85456085,340.3430786,250.3430786,0.10498333, Diabase Dike, Tue Jul 24 15:26:29 2018, NED8 ,NED8,,
Nick,3142608518a38e51b1d5ca8e90476a25, Locality 1, 7e3b9eb4a2ab266dab3d35a122ffd699,403007.3268,5042899.789,45.53287991,-94.24220248, 15T,4,5,-1, Dike orientation ,84.90655518,339.4801331,249.4801331,0.10498333, Diabase Dike, Tue Jul 24 15:26:06 2018, NED8 ,NED8,,
Nick,3142608518a38e51b1d5ca8e90476a25, Locality 1, a9ac446f3b6e52f67e502c2c23b07d4e,403006.2386,5042900.537,45.53288649,-94.24221656, 15T,6,5,-1, Dike orientation ,85.35088348,342.4584656,252.4584656,0.10498333, Diabase Dike, Tue Jul 24 15:25:59 2018, NED8 ,NED8,,
Nick,3142608518a38e51b1d5ca8e90476a25, Locality 1, 278b2628751462cd5ae88fb7a2d2ec03,403007.3268,5042899.789,45.53287991,-94.24220248, 15T,6,10,-1, Dike orientation ,86.06686401,343.7457886,253.7457886,0.10498333, Diabase Dike, Tue Jul 24 15:25:41 2018, NED8 ,NED8,,
Nick,3142608518a38e51b1d5ca8e90476a25, Locality 1, 0a19ea15cbae0e8f5f9d05dfa3acc9ca,403007.3268,5042899.789,45.53287991,-94.24220248, 15T,6,10,-1, Dike orientation ,89,342.4883423,252.4883423,0.10498333, Diabase Dike, Tue Jul 24 15:25:33 2018, NED8 ,NED8,,
Nick,3142608518a38e51b1d5ca8e90476a25, Locality 1, eff5511d899a20583e2c44e939c13cc6,403005.8944,5042900.715,45.53288804,-94.24222101, 15T,3,5,-1, Dike orientation ,84.04367065,341.198822,251.198822,0.10498333, Diabase Dike, Tue Jul 24 14:03:42 2018, NED7 ,NED7,,
Nick,3142608518a38e51b1d5ca8e90476a25, Locality 1, c258ee759a031a7deeb7534d6732ed99,403005.4268,5042895.879,45.53284446,-94.24222603, 15T,3,10,-1, Dike orientation ,74.00079346,162.8193512,72.8193512,0.10498333, Diabase Dike, Tue Jul 24 14:03:16 2018, NED7 ,NED7,,
Nick,3142608518a38e51b1d5ca8e90476a25, Locality 1, afcf9e1bcbdc09f9d6fa3ae4d587459e,403007.4516,5042894.739,45.53283448,-94.24219988, 15T,3,5,-1, Dike orientation ,87.07330322,156.5184784,66.51847839,0.10498333, Diabase Dike, Tue Jul 24 14:02:53 2018, NED7 ,NED7,,
Nick,3142608518a38e51b1d5ca8e90476a25, Locality 1, 240547a96f48e9bce292ba5789eb9d00,403010.3312,5042895.538,45.53284207,-94.24216317, 15T,3,5,-1, Dike orientation ,87.3628006,336.4676819,246.4676819,0.10498333, Diabase Dike, Tue Jul 24 14:02:38 2018, NED7 ,NED7,,
Nick,3142608518a38e51b1d5ca8e90476a25, Locality 1, 1bb8aaebd84b0a245d7679cf8004860d,403010.839,5042895.357,45.53284052,-94.24215663, 15T,3,10,-1, Dike orientation ,75.47654724,355.6134644,265.6134644,0.10498333, Diabase Dike, Tue Jul 24 14:02:19 2018, NED7 ,NED7,,
Nick,3142608518a38e51b1d5ca8e90476a25, Locality 1, b3cd1ec90bd2a15788914d43f1bb817e,403010.839,5042895.357,45.53284052,-94.24215663, 15T,3,10,-1, Dike orientation ,85.74562836,165.9393005,75.93930054,0.10498333, Diabase Dike, Tue Jul 24 14:01:59 2018, NED7,NED7,,
Nick,3142608518a38e51b1d5ca8e90476a25, Locality 1, 72922cc60446fee3b09bcb959747a297,403023.7537,5042923.641,45.53309684,-94.24199687, 15T,3,5,-1, Dike orientation ,86.09738922,164.1011658,74.10116577,0.10498333, Diabase Dike, Tue Jul 24 10:15:44 2018, NED5 ,NED5,,
Nick,3142608518a38e51b1d5ca8e90476a25, Locality 1, 074368ee294027fa8b1ae0d3823456fd,403003.4163,5042918.246,45.53304546,-94.24225621, 15T,3,5,-1, Dike orientation ,83.02689362,158.1161041,68.11610413,0.10498333, Diabase Dike, Tue Jul 24 10:13:22 2018, NED5 ,NED5,,
Nick,3142608518a38e51b1d5ca8e90476a25, Locality 1, bedeef2c75f0965ce81ec8a3aba2e2c5,403067.6096,5042952.177,45.53335974,-94.24144099, 15T,3,5,-1, Dike orientation ,84.43360901,160.5909119,70.59091187,0.10498333, Diabase Dike, Tue Jul 24 10:13:06 2018, NED5 ,NED5,,
Nick,3142608518a38e51b1d5ca8e90476a25, Locality 1, 86a2d2289ddbc64a5b21be18e5a14804,403009.9843,5042915.424,45.53302098,-94.24217155, 15T,3,5,-1, Dike orientation ,80.8502655,173.0206909,83.02069092,0.10498333, Diabase Dike, Tue Jul 24 10:11:12 2018, NED5,NED5,,
Nick,3142608518a38e51b1d5ca8e90476a25, Locality 1, 99ad542b24dcf7c485a694ebcf7dd150,403067.6096,5042952.177,45.53335974,-94.24144099, 15T,3,5,-1, Dike orientation ,85.48862457,335.2391357,245.2391357,0.10498333, Diabase Dike, Tue Jul 24 08:57:01 2018, NED4 ,NED4,,
Nick,3142608518a38e51b1d5ca8e90476a25, Locality 1, b44877af52f1310978320630378d6cf8,403067.497,5042953.79,45.53337424,-94.24144275, 15T,3,5,-1, Dike orientation ,82.93256378,335.12146,245.12146,0.10498333, Diabase Dike, Tue Jul 24 08:55:23 2018, NED4 ,NED4,,
Nick,3142608518a38e51b1d5ca8e90476a25, Locality 1, c5c0020e79f51721b4be3480e4d32de3,403061.1601,5042950.39,45.53334276,-94.24152321, 15T,3,5,-1, Dike orientation ,87.1325531,153.3975678,63.39756775,0.10498333, Diabase Dike, Tue Jul 24 08:54:56 2018, NED4 ,NED4,,
Nick,3142608518a38e51b1d5ca8e90476a25, Locality 1, 2068533454a82093df88e898ddf8ee94,403061.5127,5042952.024,45.53335751,-94.24151902, 15T,3,5,-1, Dike orientation ,86.55924225,158.9427795,68.94277954,0.10498333, Diabase Dike, Tue Jul 24 08:54:31 2018, NED4,NED4,,
Nick,3142608518a38e51b1d5ca8e90476a25, Locality 1, 806828a036123367ea19511b1101828f,403064.2614,5042955.367,45.53338798,-94.24148449, 15T,3,5,-1, Dike orientation ,86.04837036,353.141449,263.141449,0.10498333, Diabase Dike, Tue Jul 24 08:54:07 2018, NED4,NED4,,
Nick,3142608518a38e51b1d5ca8e90476a25, Locality 1, 13691cbe224258f1edd19ef7c76f63a3,403060.1345,5042947.141,45.53331338,-94.2415357, 15T,3,5,-1, Dike orientation ,80.5848999,162.0723572,72.07235718,0.10498333, Diabase Dike, Tue Jul 24 08:25:30 2018, ,NED4,,
Nick,3142608518a38e51b1d5ca8e90476a25, Locality 1, 1558df38259684c8d5ced14241bce01f,403055.2738,5042944.38,45.53328786,-94.24159739, 15T,3,5,-1, Dike orientation ,85.86786652,339.9438782,249.9438782,0.10498333, Diabase Dike, Tue Jul 24 08:25:02 2018, ,NED4,,
Nick,3142608518a38e51b1d5ca8e90476a25, Locality 1, ac527869dc610645f162612221ff8035,402998.1351,5043012.253,45.53389069,-94.24234246, 15T,3,5,-1, Dike orientation ,78.14255524,147.6826477,57.68264771,0.10498333, Diabase Dike, Mon Jul 23 17:28:45 2018, NED3 southside ,NED3,,
Nick,3142608518a38e51b1d5ca8e90476a25, Locality 1, 35730ce23da564e3762834d31c30605c,402994.2307,5043009.524,45.53386558,-94.24239191, 15T,3,5,-1, Dike orientation ,76.01335144,146.0440674,56.04406738,0.10498333, Diabase Dike, Mon Jul 23 17:28:22 2018, NED3 southside,NED3,,
Nick,3142608518a38e51b1d5ca8e90476a25, Locality 1, 74fd0921f787204627d5bf83d170aa91,403000.559,5043010.255,45.53387304,-94.24231103, 15T,3,5,-1, Dike orientation ,77.48303986,148.1877594,58.1877594,0.10498333, Diabase Dike, Mon Jul 23 17:21:33 2018, NED2 south margin,NED3,,
Nick,3142608518a38e51b1d5ca8e90476a25, Locality 1, 068db74d28ef642cf8f74a4714e1099a,402997.3692,5043013.522,45.533902,-94.24235252, 15T,3,5,-1, Dike orientation ,72.4177475,145.2365875,55.23658752,0.10498333, Diabase Dike, Mon Jul 23 17:20:08 2018, NED3 south margin,NED3,,
Nick,3142608518a38e51b1d5ca8e90476a25, Locality 1, 1501d10ebb2951e703c447f3c75396b2,403030.9918,5043042.402,45.53416658,-94.24192772, 15T,4,10,-1, Dike orientation ,89,181.5026398,91.50263977,0.10498333, Diabase Dike, Mon Jul 23 16:17:28 2018, NED2 northside ,NED2,,
Nick,3142608518a38e51b1d5ca8e90476a25, Locality 1, 29c09941f8821ce4be14330978bb4888,403028.958,5043039.574,45.53414084,-94.2419532, 15T,4,10,-1, Dike orientation ,88.21916962,336.253479,246.253479,0.10498333, Diabase Dike, Mon Jul 23 16:16:57 2018, NED2 southside ,NED2,,
Nick,3142608518a38e51b1d5ca8e90476a25, Locality 1, 6b0276aa074a5dab9d8b567daba8eeeb,403020.5738,5043042.196,45.53416327,-94.24206108, 15T,4,10,-1, Dike orientation ,85.9269104,154.4966126,64.49661255,0.10498333, Diabase Dike, Mon Jul 23 16:16:01 2018, NED2 southside ,NED2,,
Nick,3142608518a38e51b1d5ca8e90476a25, Locality 1, eaaa2bc6bae213f14a6dc8c01c7e1e46,403026.517,5043043.003,45.53417135,-94.24198514, 15T,4,10,-1, Dike orientation ,86.68191528,343.2224121,253.2224121,0.10498333, Diabase Dike, Mon Jul 23 16:09:50 2018, NED2 southside ,NED2,,
Nick,3142608518a38e51b1d5ca8e90476a25, Locality 1, 93f78b6cc3178a3db0297dd6cde84a77,403027.7318,5043043.245,45.5341737,-94.24196963, 15T,4,10,-1, Dike orientation ,89,342.3085938,252.3085938,0.10498333, Diabase Dike, Mon Jul 23 16:09:29 2018, NED2 southside ,NED2,,
Nick,3142608518a38e51b1d5ca8e90476a25, Locality 1, 1ced7c4e84fdee81ff707f64c58e6c79,403040.4974,5043039.908,45.53414545,-94.24180551, 15T,4,10,-1, Dike orientation ,80.99736786,351.4425354,261.4425354,0.10498333, Diabase Dike, Mon Jul 23 16:09:05 2018, NED2 northside ,NED2,,
Nick,3142608518a38e51b1d5ca8e90476a25, Locality 1, 04a495f7a11143ad04ceb5bd74696caa,403038.1539,5043047.526,45.53421368,-94.24183703, 15T,4,10,-1, Dike orientation ,89,354.8985291,264.8985291,0.10498333, Diabase Dike, Mon Jul 23 15:55:16 2018, NED2 northside,NED2,,
Nick,3142608518a38e51b1d5ca8e90476a25, Locality 1, c4d204337dfe24ba96f4014fd236d8ee,403039.4678,5043049.518,45.53423179,-94.2418206, 15T,4,5,-1, Dike orientation ,89,181.2606201,91.26062012,0.10498333, Diabase Dike, Mon Jul 23 15:54:57 2018, NED2 northside,NED2,,
Nick,3142608518a38e51b1d5ca8e90476a25, Locality 1, 55ed8f92c15cde1fb7222b7e74740bb5,403030.1738,5043049.187,45.53422751,-94.24193954, 15T,3,5,-1, Dike orientation ,83.71601105,169.7737274,79.77372742,0.10498333, Diabase Dike, Mon Jul 23 14:42:55 2018, NED1 southside,NED1,,
Nick,3142608518a38e51b1d5ca8e90476a25, Locality 1, 30ce6787f35cc5bbb0b12fe0ff85ab00,403035.4803,5043048.611,45.53422307,-94.24187148, 15T,0,-1,-1, Dike orientation ,77.26982117,169.3143158,79.3143158,0.10498333, Diabase Dike, Mon Jul 23 14:25:24 2018, NED1 northside,NED1,,
Nick,3142608518a38e51b1d5ca8e90476a25, Locality 1, 7e595e6413dd10ef3e922dd54be222d3,403033.8585,5043044.91,45.53418954,-94.24189151, 15T,4,10,-1, Dike orientation ,83.96982574,166.1607208,76.16072083,0.10498333, Diabase Dike, Mon Jul 23 14:15:59 2018, NED1 southside,NED1,,
Nick,3142608518a38e51b1d5ca8e90476a25, Locality 1, 8ddaf1bfa32a6a7362f6a5681e087bd5,403035.886,5043045.219,45.5341926,-94.24186561, 15T,4,10,-1, Dike orientation ,81.96678925,153.3233795,63.32337952,0.10498333, Diabase Dike, Mon Jul 23 14:15:36 2018, NED1 southside ,NED1,,
Nick,3142608518a38e51b1d5ca8e90476a25, Locality 1, 16dac0065afd4de071e1baf57c89ada1,403040.1371,5043042.852,45.5341719,-94.24181071, 15T,4,5,-1, Fault,84.34392548,6.09094429,276.0909424,0.10498333, Saint Cloud Granite, Mon Jul 23 12:06:30 2018, ,fault,,
Nick,3142608518a38e51b1d5ca8e90476a25, Locality 1, 39d1d9bb1c3df77cbad1e10ee8d73f40,402986.7179,5043015.582,45.53391906,-94.24248931, 15T,3,5,-1, Dike orientation ,78.38788605,141.7753601,51.77536011,0.10498333, Diabase Dike, Mon Jul 23 11:36:42 2018, ,NED3,,
Nick,3142608518a38e51b1d5ca8e90476a25, Locality 1, a0e2ee48dd85035647d2a635d0f3a09e,402997.3962,5043019.497,45.53395577,-94.24235336, 15T,4,5,-1, Dike orientation ,74.16483307,143.8349762,53.8349762,0.10498333, Diabase Dike, Mon Jul 23 11:34:07 2018, ,NED3,,
Nick,3142608518a38e51b1d5ca8e90476a25, Locality 1, a319f2f3eea4e1dac5708ff524821b18,403040.142,5043030.474,45.5340605,-94.2418082, 15T,3,5,-1, Dike orientation ,81.03838348,136.4930878,46.49308777,0.10498333, Diabase Dike, Mon Jul 23 11:25:13 2018, ,NED3,,
Nick,3142608518a38e51b1d5ca8e90476a25, Locality 1, 5ae616563e948f640d73e877b63c5de6,403035.7741,5043028.25,45.53403988,-94.24186368, 15T,3,5,-1, Dike orientation ,77.09610748,135.3232727,45.32327271,0.10498333, Diabase Dike, Mon Jul 23 11:24:37 2018, ,NED3,,
Nick,3142608518a38e51b1d5ca8e90476a25, Locality 1, d02b022b87ef27afc8a96e0b4e4b319d,403035.7741,5043028.25,45.53403988,-94.24186368, 15T,3,5,-1, Dike orientation ,76.61230469,135.4711914,45.47119141,0.10498333, Diabase Dike, Mon Jul 23 11:24:30 2018, ,NED3,,
Nick,3142608518a38e51b1d5ca8e90476a25, Locality 1, 6307543e0ef64fcaa4df1fcc5f6af12d,403063.9422,5042949.118,45.5333317,-94.24148734, 15T,3,5,-1, Dike orientation ,89,338.6053467,248.6053467,0.10498333, Diabase Dike, Mon Jul 23 11:16:46 2018, ,NED3,,
Nick,3142608518a38e51b1d5ca8e90476a25, Locality 1, 76f529f545f66e5a7b6720d55718df46,403065.8844,5042951.523,45.53335362,-94.24146295, 15T,3,5,-1, Dike orientation ,84.19506073,350.5488892,260.5488892,0.10498333, Diabase Dike, Mon Jul 23 11:15:51 2018, ,NED3,,
Rob,7a639dde7610e07d541f6eefea48851d, Locality 1, 98a5b3f8b89a592547d65c2bff9c8d7e,403635.8853,5042590.841,45.530187,-94.234093, 15T,343.359974,5,3, Dike planes,80,152,62,0.91, Diabase dike , Fri Jul 27 13:00:45 2018, ,NED19,,
Rob,7a639dde7610e07d541f6eefea48851d, Locality 1, 4fb849f47040c70ddaec9fe6c9dd1aca,403633.5218,5042592.535,45.530202,-94.234124, 15T,343.647741,5,3, Dike planes,79,139,49,0.91, Diabase dike , Fri Jul 27 12:59:46 2018, ,NED19,,
Rob,7a639dde7610e07d541f6eefea48851d, Locality 1, 90709b3bdcb5c10c233a86a0f9ec0144,403808.4263,5043061.811,45.534449,-94.231977, 15T,339.248079,5,3, Dike planes,89,46,316,0.91, Diabase dike , Fri Jul 27 11:43:40 2018, ,NWD1,,
Rob,7a639dde7610e07d541f6eefea48851d, Locality 1, 8aa2d74af77b02b6ee1eb700051d1e6f,403806.8941,5043060.927,45.534441,-94.231996, 15T,338.867946,5,4, Dike planes,86,233,143,0.91, Diabase dike , Fri Jul 27 11:43:19 2018, ,NWD1,,
Rob,7a639dde7610e07d541f6eefea48851d, Locality 1, c9ba7ce43278dc8aecfd1eb4cb9016e7,403805.5146,5043061.465,45.534446,-94.232014, 15T,341.999974,5,4, Dike planes,89,230,140,0.91, Diabase dike , Fri Jul 27 11:42:53 2018, ,NWD1,,
Rob,7a639dde7610e07d541f6eefea48851d, Locality 1, 76968e72fac2703cc1882a1d8ff89c46,403852.6825,5043028.854,45.534159,-94.231404, 15T,344.622835,5,3, Dike planes,82,154,64,0.91, Diabase dike , Fri Jul 27 11:36:51 2018, NED17 out of place block,NED17OOP,,
Rob,7a639dde7610e07d541f6eefea48851d, Locality 1, 625a22464dd0008914427c7395fffee5,403853.5474,5043030.186,45.534171,-94.231393, 15T,342.915578,5,3, Dike planes,89,169,79,0.91, Diabase dike , Fri Jul 27 11:36:12 2018, Out of place block sampled as NED17 9 to 11,NED17OOP,,
Rob,7a639dde7610e07d541f6eefea48851d, Locality 1, c054ab344ae753d37a24ca44e3d1b8cc,403854.9744,5043022.075,45.534098,-94.231373, 15T,348.220503,5,3, Dike planes,77,143,53,0.91, Diabase dike , Fri Jul 27 10:59:43 2018, NED17 out of place block,NED17OOP,,
Rob,7a639dde7610e07d541f6eefea48851d, Locality 1, 53a913cf270d12c63b2def521c079740,403851.24,5043021.015,45.534088,-94.231421, 15T,341.019352,5,3, Dike planes,78,148,58,0.91, Diabase dike , Fri Jul 27 10:58:27 2018, Out of place block sampled for NE17 9 to 11,NED17OOP,,
Rob,7a639dde7610e07d541f6eefea48851d, Locality 1, 3b392533761e2036ba0406047a8a85e5,403848.0978,5043021.274,45.53409,-94.231461, 15T,344.98952,5,3, Dike planes,87,222,132,0.91, Diabase dike , Fri Jul 27 08:53:37 2018, NWD1,NWD1,,
Rob,7a639dde7610e07d541f6eefea48851d, Locality 1, 427a9b360ae58e3fb39bd343ab0a8e3e,403848.2782,5043021.582,45.534093,-94.231459, 15T,342.712225,5,3, Dike planes,89,221,131,0.91, Diabase dike , Fri Jul 27 08:52:13 2018, NWD1,NWD1,,
Rob,7a639dde7610e07d541f6eefea48851d, Locality 1, 49f72ae1414d6abf318b56b955b78b36,403849.5875,5043019.591,45.534075,-94.231442, 15T,346.112364,5,3, Dike planes,89,229,139,0.91, Diabase dike , Fri Jul 27 08:50:53 2018, NWD1,NWD1,,
Rob,7a639dde7610e07d541f6eefea48851d, Locality 1, ccaf5d08641e36639f701bf108e0812e,403633.2843,5042594.97,45.530224,-94.234128, 15T,347.215878,5,3, Dike planes,82,146,56,0.91, Diabase dike , Thu Jul 26 18:23:27 2018, ,NED19,,
Rob,7a639dde7610e07d541f6eefea48851d, Locality 1, cd1b728a2792173ce3ae47d572200a29,403633.2843,5042594.97,45.530224,-94.234128, 15T,347.215878,5,3, Dike planes,75,140,50,0.91, Diabase dike , Thu Jul 26 18:23:06 2018, ,NED19,,
Rob,7a639dde7610e07d541f6eefea48851d, Locality 1, 38b2cdf73ee09e3da00f1f40ecbba718,403915.9438,5042702.611,45.531231,-94.23053, 15T,335.454714,5,3, Dike planes,85,169,79,0.91, Diabase dike , Thu Jul 26 17:19:21 2018, ,NED18,,
Rob,7a639dde7610e07d541f6eefea48851d, Locality 1, c6dfd2783b78f389d77ac5ba877c4aab,403915.9438,5042702.611,45.531231,-94.23053, 15T,335.454714,5,3, Dike planes,89,173,83,0.91, Diabase dike , Thu Jul 26 17:19:13 2018, ,NED18,,
Rob,7a639dde7610e07d541f6eefea48851d, Locality 1, 37ea15ec80650e620d566b79777cfc03,403913.6915,5042700.452,45.531212,-94.230558, 15T,336.025578,5,3, Dike planes,83,163,73,0.91, Diabase dike , Thu Jul 26 17:15:43 2018, ,NED18,,
Rob,7a639dde7610e07d541f6eefea48851d, Locality 1, 49fd40f7cba18bfbc1ce89b4b9e2162b,403911.4893,5042703.271,45.531237,-94.230587, 15T,337.471012,5,3, Dike planes,80,158,68,0.91, Diabase dike , Thu Jul 26 17:13:42 2018, ,NED18,,
Rob,7a639dde7610e07d541f6eefea48851d, Locality 1, 42c50f55814781eaa20cf6d441da2b99,403879.4847,5042987.194,45.533787,-94.231052, 15T,336.408207,5,3, Dike planes,89,49,319,0.91, Diabase dike , Thu Jul 26 13:34:04 2018, ,NWD1,,
Rob,7a639dde7610e07d541f6eefea48851d, Locality 1, 0790600b844a27f9f639796781d847bb,403788.1525,5043337.215,45.536925,-94.232291, 15T,331.077702,5,3, Dike planes,85,156,66,0.91, Diabase dike , Thu Jul 26 09:53:30 2018, ,NED15,,
Rob,7a639dde7610e07d541f6eefea48851d, Locality 1, ed2e19571e4d8642b6bd669eb9fb0322,403788.5723,5043337.697,45.536929,-94.232285, 15T,331.645451,5,3, Dike planes,84,162,72,0.91, Diabase dike , Thu Jul 26 09:53:14 2018, ,NED15,,
Rob,7a639dde7610e07d541f6eefea48851d, Locality 1, abbc0ba86c8b044448483a44c6dcc7ed,403274.2969,5043124.274,45.534937,-94.238829, 15T,334.586857,5,3, Dike planes,89,346,256,0.91, Diabase dike , Wed Jul 25 14:37:36 2018, ,NED14,,
Rob,7a639dde7610e07d541f6eefea48851d, Locality 1, 63e3f7bc8c66f331d49a8015bdb47a6c,403250.1457,5043121.959,45.534913,-94.239137, 15T,342.349288,5,3, Dike planes,85,337,247,0.91, Diabase dike , Wed Jul 25 13:18:15 2018, ,NED12,,
Rob,7a639dde7610e07d541f6eefea48851d, Locality 1, 63b4f21b4d8d9dcf7baf99053491779f,403255.0823,5043128.808,45.534975,-94.239075, 15T,342.950782,5,3, Dike planes,89,320,230,0.91, Diabase dike , Wed Jul 25 13:15:57 2018, ,NED12,,
Rob,7a639dde7610e07d541f6eefea48851d, Locality 1, dd4fee12a058ec463433b0bf201569c9,403272.0651,5043128.118,45.534971,-94.238858, 15T,340.514286,5,4, Dike planes,85,151,61,0.91, Diabase dike , Wed Jul 25 12:29:26 2018, ,NED13,,
Rob,7a639dde7610e07d541f6eefea48851d, Locality 1, 5e0187d40dd03507f3312b9bd880257f,402984.9505,5042856.568,45.532488,-94.24248, 15T,340.321232,5,4, Dike planes,83,321,231,0.91, Diabase dike , Wed Jul 25 10:21:55 2018, NED11,NED11,,
Rob,7a639dde7610e07d541f6eefea48851d, Locality 1, f5ad93a0fca183eaca0185fbb5ac1475,402988.8706,5042856.074,45.532484,-94.24243, 15T,338.679996,5,3, Dike planes,86,316,226,0.91, Diabase dike , Wed Jul 25 10:21:15 2018, NED11,NED11,,
Rob,7a639dde7610e07d541f6eefea48851d, Locality 1, 0eb0aaada1b8dfa22ebe449f45cc59a7,402988.129,5042857.222,45.532494,-94.24244, 15T,337.920353,5,4, Dike planes,81,320,230,0.91, Diabase dike , Wed Jul 25 10:21:00 2018, NED11,NED11,,
Rob,7a639dde7610e07d541f6eefea48851d, Locality 1, 1b252bf080e9ca53f9a0535477a42028,402985.0549,5042860.777,45.532526,-94.24248, 15T,342.05994,5,4, Dike planes,78,325,235,0.91, Diabase dike , Wed Jul 25 10:20:05 2018, NED11,NED11,,
Rob,7a639dde7610e07d541f6eefea48851d, Locality 1, 4fb7ff47216fec7e4d00804fd8a899af,402998.6193,5042881.536,45.532714,-94.24231, 15T,342.279005,5,3, Dike planes,86,152,62,0.91, Diabase dike , Wed Jul 25 09:21:22 2018, NED9 ,NED9,,
Rob,7a639dde7610e07d541f6eefea48851d, Locality 1, f47400db0aa094c1e30b436063895b97,402994.4379,5042883.349,45.53273,-94.242364, 15T,342.275333,5,4, Dike planes,89,148,58,0.91, Diabase dike , Wed Jul 25 09:21:14 2018, NED9 ,NED9,,
Rob,7a639dde7610e07d541f6eefea48851d, Locality 1, 60b27aad8ffe43932c274286cabf8183,403000.1615,5042879.246,45.532694,-94.24229, 15T,342.275333,5,4, Dike planes,86,148,58,0.91, Diabase dike , Wed Jul 25 09:21:05 2018, ,NED9,,
Rob,7a639dde7610e07d541f6eefea48851d, Locality 1, ee1849b46b3f6a4f83f0dfe77b48e6d1,403079.1622,5042933.462,45.533193,-94.241289, 15T,340.765626,5,3, Dike planes,89,333,243,0.91, Diabase dike , Wed Jul 25 09:17:30 2018, ,NED8,,
Rob,7a639dde7610e07d541f6eefea48851d, Locality 1, 219050d6cc01160a4cd80deb843d99f3,403079.6217,5042933.544,45.533194,-94.241283, 15T,341.153846,5,3, Dike planes,89,315,225,0.91, Diabase dike , Wed Jul 25 09:17:19 2018, ,NED8,,
Rob,7a639dde7610e07d541f6eefea48851d, Locality 1, 4ee2fad6907d57358401393080742d8b,403006.6901,5042904.331,45.532921,-94.242212, 15T,341.892521,5,4, Dike planes,82,201,111,0.91, Diabase dike , Tue Jul 24 14:00:24 2018, ,NED7,,
Rob,7a639dde7610e07d541f6eefea48851d, Locality 1, ba2567ba30662ce55962429ed5db46e7,403006.6901,5042904.331,45.532921,-94.242212, 15T,341.892521,5,4, Dike planes,73,20,290,0.91, Diabase dike , Tue Jul 24 14:00:18 2018, ,NED7,,
Rob,7a639dde7610e07d541f6eefea48851d, Locality 1, 6209b6de6f0a4c8a110253c4b2f0af6b,403001.688,5042904.706,45.532923,-94.242276, 15T,340.972355,5,4, Dike planes,85,202,112,0.91, Diabase dike , Tue Jul 24 13:59:45 2018, ,NED7,,
Rob,7a639dde7610e07d541f6eefea48851d, Locality 1, f745b7f1146d6628373f4d316fcea46f,402998.2627,5042900.372,45.532884,-94.242319, 15T,340.790592,10,4, Dike planes,86,188,98,0.91, Diabase dike , Tue Jul 24 13:59:39 2018, ,NED7,,
Rob,7a639dde7610e07d541f6eefea48851d, Locality 1, b237a896144b93463f888399e7046c1b,403025.159,5042921.807,45.533081,-94.241979, 15T,339.574537,5,3, Dike planes,86,143,53,0.91, Diabase dike , Tue Jul 24 10:21:08 2018, ,NED5,,
Rob,7a639dde7610e07d541f6eefea48851d, Locality 1, e8e9e40fd06b5c8472666bbdae28514b,403024.2716,5042921.146,45.533074,-94.24199, 15T,339.592211,5,3, Dike planes,86,155,65,0.91, Diabase dike , Tue Jul 24 10:20:45 2018, ,NED5,,
Rob,7a639dde7610e07d541f6eefea48851d, Locality 1, ff7327bfe2f6ff0e45480715305816ca,403042.5073,5042926.937,45.533129,-94.241757, 15T,342.137516,5,3, Dike planes,86,148,58,0.91, Diabase dike , Mon Jul 23 12:14:49 2018, ,NED5,,
Rob,7a639dde7610e07d541f6eefea48851d, Locality 1, cec638393896a1887a67a8f7bab01b0a,403033.3583,5043045.16,45.534192,-94.241898, 15T,337.55402,5,3, Dike planes,88,334,244,0.91, Diabase dike , Mon Jul 23 11:55:00 2018, ,NED2,,
Rob,7a639dde7610e07d541f6eefea48851d, Locality 1, c5a39a0ea35a927adeec849c341cec3b,403030.7342,5043043.524,45.534177,-94.241931, 15T,336.660221,5,3, Dike planes,79,143,53,0.91, Diabase dike , Mon Jul 23 11:53:32 2018, ,NED2,,
Rob,7a639dde7610e07d541f6eefea48851d, Locality 1, f0d970dd4bb5c1c2188f137acc372ab0,402991.8943,5043013.793,45.533904,-94.242423, 15T,337.926701,5,3, Dike planes,77,168,78,0.91, Diabase dike , Mon Jul 23 11:37:27 2018, ,NED3,,
Rob,7a639dde7610e07d541f6eefea48851d, Locality 1, 4be6f023a19de41e78a6b321f6b3b805,402995.5236,5043015.66,45.533921,-94.242377, 15T,346.216316,5,3, Dike planes,69,156,66,0.91, Diabase dike , Mon Jul 23 11:37:10 2018, ,NED3,,
Nick,3142608518a38e51b1d5ca8e90476a25, Locality 1, 6e729d69031c4d6e2b92dd42c9f33bac,401379.2815,5043116.638,45.53460269,-94.26309178, 15T,3,5,-1, Dike orientation ,88.52741241,155.6727448,65.67274475,0.93869019, Diabase Dike, Sat Aug 10 17:19:11 2019,not sampled for pmag,NED37,,
Nick,3142608518a38e51b1d5ca8e90476a25, Locality 1, a84c169180387cbf3d0efa62bc98bad8,401374.5045,5043128.393,45.5347078,-94.26315531, 15T,3,5,-1, Dike orientation ,89,338.8919678,248.8919678,0.93869019, Diabase Dike, Sat Aug 10 17:18:37 2019,not sampled for pmag,NED37,,
Nick,3142608518a38e51b1d5ca8e90476a25, Locality 1, 72bad296a9a1e3c2ac0a99324a0ef1e2,401372.1976,5043132.379,45.53474334,-94.26318565, 15T,3,5,-1, Dike orientation ,89,154.4528503,64.45285034,0.93869019, Diabase Dike, Sat Aug 10 17:18:19 2019,not sampled for pmag,NED37,,
Nick,3142608518a38e51b1d5ca8e90476a25, Locality 1, 4d13883e0e2479eebdc8af55bde7c347,401378.4677,5043127.739,45.53470247,-94.26310443, 15T,4,5,-1, Dike orientation ,86.2614975,339.686615,249.686615,0.93869019, Diabase Dike, Sat Aug 10 17:18:02 2019,not sampled for pmag,NED37,,
Nick,3142608518a38e51b1d5ca8e90476a25, Locality 1, aede1a0dadafab58b8bdd7aaf241a7eb,401382.7249,5043120.807,45.5346407,-94.26304853, 15T,4,5,-1, Dike orientation ,89,340.197113,250.197113,0.93869019, Diabase Dike, Sat Aug 10 17:17:49 2019,not sampled for pmag,NED37,,
Nick,3142608518a38e51b1d5ca8e90476a25, Locality 1, 69edae964949ffdc752ae4259da29179,401382.6011,5043118.35,45.53461857,-94.26304962, 15T,4,10,-1, Dike orientation ,87.64216614,159.3681793,69.36817932,0.93869019, Diabase Dike, Sat Aug 10 17:17:39 2019,not sampled for pmag,NED37,,
Nick,3142608518a38e51b1d5ca8e90476a25, Locality 1, a2f1b8e054f84e403f47d5d06d3bc736,401382.0137,5043113.05,45.53457079,-94.26305607, 15T,3,5,-1, Dike orientation ,89,152.4842835,62.48428345,0.93869019, Diabase Dike, Sat Aug 10 17:17:19 2019,not sampled for pmag,NED37,,
Nick,3142608518a38e51b1d5ca8e90476a25, Locality 1, 0e9d3c741a0e03f24a89039c71be8c9f,401382.0137,5043113.05,45.53457079,-94.26305607, 15T,3,5,-1, Dike orientation ,87.04685211,147.2795258,57.27952576,0.93869019, Diabase Dike, Sat Aug 10 17:17:05 2019,not sampled for pmag,NED37,,
Nick,3142608518a38e51b1d5ca8e90476a25, Locality 1, 339455e020b412c041cbcfda9ffb8d9f,401382.1502,5043112.159,45.53456279,-94.26305414, 15T,3,5,-1, Dike orientation ,85.81974792,149.2285767,59.22857666,0.93869019, Diabase Dike, Sat Aug 10 17:16:54 2019,not sampled for pmag,NED37,,
Nick,3142608518a38e51b1d5ca8e90476a25, Locality 1, 705a541c04c4a91c553954df196c137c,401383.2154,5043111.211,45.53455441,-94.26304031, 15T,4,5,-1, Dike orientation ,89,341.2839356,251.2839356,0.93869019, Diabase Dike, Sat Aug 10 17:16:43 2019,not sampled for pmag,NED37,,
Nick,3142608518a38e51b1d5ca8e90476a25, Locality 1, cc434f20a0805ce89cd873f47c21c6ac,401383.2154,5043111.211,45.53455441,-94.26304031, 15T,4,5,-1, Dike orientation ,88.39402771,161.9694214,71.96942139,0.93869019, Diabase Dike, Sat Aug 10 17:16:38 2019,not sampled for pmag,NED37,,
Nick,3142608518a38e51b1d5ca8e90476a25, Locality 1, 5de129ec666a2167049328ccc1145b5c,401384.1654,5043113.343,45.53457373,-94.26302858, 15T,3,5,-1, Dike orientation ,88.75728607,152.4204407,62.42044067,0.93869019, Diabase Dike, Sat Aug 10 17:16:22 2019,not sampled for pmag,NED37,,
Nick,3142608518a38e51b1d5ca8e90476a25, Locality 1, 8aa685c72fb26cb6b1b773cdeac10bf9,401360.333,5043122.198,45.53465005,-94.26333552, 15T,3,10,-1, Dike orientation ,81.96937561,152.7262726,62.72627258,0.93869019, Diabase Dike, Sat Aug 10 16:28:56 2019,,NED36,,
Nick,3142608518a38e51b1d5ca8e90476a25, Locality 1, 445a2bdc642100eec3098a675af7eff4,401361.3564,5043124.837,45.53467393,-94.26332295, 15T,3,10,-1, Dike orientation ,79.0945816,160.0854187,70.0854187,0.93869019, Diabase Dike, Sat Aug 10 16:28:46 2019,,NED36,,
Nick,3142608518a38e51b1d5ca8e90476a25, Locality 1, 3ea28bed429031c28304dd40c7446b78,401363.1107,5043122.336,45.53465168,-94.26329998, 15T,3,10,-1, Dike orientation ,76.82643127,156.0452881,66.04528809,0.93869019, Diabase Dike, Sat Aug 10 16:28:24 2019,,NED36,,
Nick,3142608518a38e51b1d5ca8e90476a25, Locality 1, 424cfb66fc33d879c8ec72203415c54b,401365.6393,5043122.45,45.53465306,-94.26326763, 15T,3,10,-1, Dike orientation ,74.61607361,163.507309,73.50730896,0.93869019, Diabase Dike, Sat Aug 10 16:27:56 2019,,NED36,,
Nick,3142608518a38e51b1d5ca8e90476a25, Locality 1, c36bae9d6dd9c3d5635c8fecf8164157,401365.6393,5043122.45,45.53465306,-94.26326763, 15T,3,10,-1, Dike orientation ,83.49311829,153.9537506,63.95375061,0.93869019, Diabase Dike, Sat Aug 10 16:27:49 2019,,NED36,,
Nick,3142608518a38e51b1d5ca8e90476a25, Locality 1, 658fb6fcef3f561eb37be1534093e016,401365.6393,5043122.45,45.53465306,-94.26326763, 15T,3,10,-1, Dike orientation ,74.30702209,157.188446,67.18844604,0.93869019, Diabase Dike, Sat Aug 10 16:27:37 2019,,NED36,,
Nick,3142608518a38e51b1d5ca8e90476a25, Locality 1, 1a14bde16cd8caa0c49939dbda21ac35,401364.0866,5043122.372,45.53465214,-94.26328749, 15T,3,10,-1, Dike orientation ,74.68097687,157.6226959,67.62269592,0.93869019, Diabase Dike, Sat Aug 10 16:27:30 2019,,NED36,,
Nick,3142608518a38e51b1d5ca8e90476a25, Locality 1, 7542b0e528e728852f5edac05508f371,402992.756,5042943.848,45.53327437,-94.24239778, 15T,3,10,-1, Dike orientation ,82.07689667,135.8896942,45.88969421,0.93869019, Diabase Dike, Sat Aug 10 13:46:23 2019,,NED35,,
Nick,3142608518a38e51b1d5ca8e90476a25, Locality 1, 92ce5b90e956d953127d28cb6773bda0,402992.2879,5042940.679,45.53324578,-94.24240314, 15T,3,10,-1, Dike orientation ,85.45439911,151.41008,61.41007996,0.93869019, Diabase Dike, Sat Aug 10 13:46:03 2019,,NED35,,
Nick,3142608518a38e51b1d5ca8e90476a25, Locality 1, 21de1e4cea58b551c4a416aadb1dfacd,402995.5355,5042940.717,45.53324658,-94.24236157, 15T,3,10,-1, Dike orientation ,88.22719574,150.6207275,60.62072754,0.93869019, Diabase Dike, Sat Aug 10 13:45:54 2019,,NED35,,
Nick,3142608518a38e51b1d5ca8e90476a25, Locality 1, 2d172438596f4cc44e5eac3403ca9e9a,402996.8077,5042939.594,45.53323665,-94.24234506, 15T,3,10,-1, Dike orientation ,86.76254272,145.6197815,55.61978149,0.93869019, Diabase Dike, Sat Aug 10 13:45:44 2019,,NED35,,
Nick,3142608518a38e51b1d5ca8e90476a25, Locality 1, 10f2b44e48cdb1aa1473f1e528ca3cf6,402995.2841,5042941.82,45.53325647,-94.24236501, 15T,3,10,-1, Dike orientation ,83.13815308,148.7470245,58.74702454,0.93869019, Diabase Dike, Sat Aug 10 13:45:31 2019,,NED35,,
Nick,3142608518a38e51b1d5ca8e90476a25, Locality 1, 9dca4b93bf82b523fd7931921f6ebe2b,402996.8012,5042940.87,45.53324813,-94.24234539, 15T,4,10,-1, Dike orientation ,86.8895874,167.7380219,77.73802185,0.93869019, Diabase Dike, Sat Aug 10 13:45:18 2019,,NED35,,
Nick,3142608518a38e51b1d5ca8e90476a25, Locality 1, 6e09efc4f3c01b90a003079be39e6540,402995.2064,5042939.335,45.53323409,-94.24236551, 15T,4,5,-1, Dike orientation ,85.57391357,351.6618652,261.6618652,0.93869019, Diabase Dike, Sat Aug 10 13:45:07 2019,,NED35,,
Nick,3142608518a38e51b1d5ca8e90476a25, Locality 1, d8985d3811da1382f8134c994c803019,402997.775,5042931.461,45.5331636,-94.24233106, 15T,4,10,-1, Dike orientation ,84.91474915,161.4845734,71.48457336,0.93869019, Diabase Dike, Sat Aug 10 13:44:22 2019,,NED35,,
Nick,3142608518a38e51b1d5ca8e90476a25, Locality 1, 9fd35e4c58be400ed3501c761639fca0,401367.5743,5043121.037,45.53464062,-94.26324257, 15T,4,5,-1, Dike orientation ,83.25421906,159.3475037,69.34750366,0.93869019, Diabase Dike, Wed Jul 24 15:52:31 2019, ,,,
Nick,3142608518a38e51b1d5ca8e90476a25, Locality 1, c93ad7cf16119781704d61e823b4bfab,401367.5743,5043121.037,45.53464062,-94.26324257, 15T,4,5,-1, Dike orientation ,73.59950256,154.8781433,64.87814331,0.93869019, Diabase Dike, Wed Jul 24 15:52:20 2019, ,,,
Nick,3142608518a38e51b1d5ca8e90476a25, Locality 1, 9c792c7ef87ea4deb8e7b9f6d1471a32,401719.1629,5043103.414,45.53453173,-94.25873713, 15T,3,5,-1, Dike orientation ,80.88661194,117.7341614,27.73416138,0.93869019, Diabase Dike, Wed Jul 24 15:04:05 2019, ,,,
Nick,3142608518a38e51b1d5ca8e90476a25, Locality 1, 952e4afe3968f06ec55b7c9ab8c61dc0,401719.5049,5043106.021,45.53455525,-94.25873327, 15T,3,5,-1, Dike orientation ,77.07009888,114.2030258,24.20302582,0.93869019, Diabase Dike, Wed Jul 24 15:02:41 2019, ,,,
Nick,3142608518a38e51b1d5ca8e90476a25, Locality 1, 1025275234d0dbb5eb44ee6d8959011a,401719.8092,5043106.641,45.53456086,-94.2587295, 15T,3,5,-1, Dike orientation ,75.86857605,119.8156204,29.81562042,0.93869019, Diabase Dike, Wed Jul 24 15:02:10 2019, ,,,
Nick,3142608518a38e51b1d5ca8e90476a25, Locality 1, 6f6a810549938766eec42d25b77018a5,401725.8504,5043105.335,45.53454997,-94.25865188, 15T,4,5,-1, Dike orientation ,58.42128372,122.8825378,32.88253784,0.93869019, Diabase Dike, Wed Jul 24 14:56:20 2019, ,,,
Nick,3142608518a38e51b1d5ca8e90476a25, Locality 1, 6c93a6855f9893f0f149c49b1df12b61,401726.0582,5043104.396,45.53454154,-94.25864903, 15T,3,5,-1, Dike orientation ,54.59650421,121.9305191,31.9305191,0.93869019, Diabase Dike, Wed Jul 24 14:56:07 2019, Target 21. Odd orientation. Large block of granite but there is a possibility it is root heaved. ,,,
Nick,3142608518a38e51b1d5ca8e90476a25, Locality 1, 9a3ba636249be5cf6afb8c2eda690666,401717.4944,5043102.63,45.53452444,-94.25875833, 15T,3,5,-1, Dike orientation ,81.07284546,156.0583496,66.05834961,0.93869019, Diabase Dike, Wed Jul 24 14:49:55 2019, ,,,
Nick,3142608518a38e51b1d5ca8e90476a25, Locality 1, efc1bc726d2d6434f9447ccf649d13ef,401758.5678,5043069.842,45.53423518,-94.25822583, 15T,3,5,-1, Dike orientation ,86.23941803,327.8049927,237.8049927,0.93869019, Diabase Dike, Wed Jul 24 14:21:10 2019,Was called target 18; sampled as NED24,NED24,,
Nick,3142608518a38e51b1d5ca8e90476a25, Locality 1, e8e8cf47284f77168814166f3ec3c509,401757.183,5043070.031,45.53423669,-94.2582436, 15T,3,5,-1, Dike orientation ,86.41452026,159.938797,69.938797,0.93869019, Diabase Dike, Wed Jul 24 14:20:49 2019,Was called target 18; sampled as NED24,NED24,,
Nick,3142608518a38e51b1d5ca8e90476a25, Locality 1, 7731979fa7a4b85a987cb7762acacee3,401757.6054,5043071.506,45.53425002,-94.25823849, 15T,3,5,-1, Dike orientation ,89,145.1534729,55.1534729,0.93869019, Diabase Dike, Wed Jul 24 14:20:34 2019,Was called target 18; sampled as NED24,NED24,,
Nick,3142608518a38e51b1d5ca8e90476a25, Locality 1, 1e9a50deb39bfc826c4e20b637bad443,401757.352,5043072.045,45.53425484,-94.25824184, 15T,3,5,-1, Dike orientation ,86.58804321,152.2265778,62.22657776,0.93869019, Diabase Dike, Wed Jul 24 14:20:24 2019,Was called target 18; sampled as NED24,NED24,,
Nick,3142608518a38e51b1d5ca8e90476a25, Locality 1, a26873f60c7a71979f81fdabd778f138,401776.9894,5043043.161,45.53399768,-94.2579846, 15T,4,5,-1, Dike orientation ,73.66027832,149.1049805,59.10498047,0.93869019, Diabase Dike, Wed Jul 24 14:09:07 2019,Was called target 17; sampled as NED23,NED23,,
Nick,3142608518a38e51b1d5ca8e90476a25, Locality 1, fcd1018cbd63ea02919debc91e553219,401775.0352,5043042.521,45.53399165,-94.25800949, 15T,3,5,-1, Dike orientation ,83.22504425,148.3799286,58.37992859,0.93869019, Diabase Dike, Wed Jul 24 14:08:32 2019,Was called target 17; sampled as NED23,NED23,,
Nick,3142608518a38e51b1d5ca8e90476a25, Locality 1, a011fb2d00852a96c18a42fc656d77ee,401774.3834,5043041.032,45.53397815,-94.25801754, 15T,3,5,-1, Dike orientation ,73.47164917,154.7948456,64.79484558,0.93869019, Diabase Dike, Wed Jul 24 14:08:15 2019,Was called target 17; sampled as NED23,NED23,,
Nick,3142608518a38e51b1d5ca8e90476a25, Locality 1, f6021b68259a2fbe2de20c5bf1987af7,401818.9154,5043010.016,45.53370532,-94.25744112, 15T,0,-1,-1, Dike orientation ,87.30219269,149.2062531,59.20625305,0.93869019, Diabase Dike, Wed Jul 24 13:58:53 2019,Was called target 16; sampled as NED22,NED22,,
Nick,3142608518a38e51b1d5ca8e90476a25, Locality 1, e529353602773836dde12b268b2f564c,401818.9154,5043010.016,45.53370532,-94.25744112, 15T,0,-1,-1, Dike orientation ,89,151.4735718,61.47357178,0.93869019, Diabase Dike, Wed Jul 24 13:57:34 2019,Was called target 16; sampled as NED22,NED22,,
Nick,3142608518a38e51b1d5ca8e90476a25, Locality 1, a58cb7a46a8757bd4bd494955f2c69c0,401818.9154,5043010.016,45.53370532,-94.25744112, 15T,0,-1,-1, Dike orientation ,89,149.6613007,59.66130066,0.93869019, Diabase Dike, Wed Jul 24 13:57:18 2019,Was called target 16; sampled as NED22,NED22,,
Nick,3142608518a38e51b1d5ca8e90476a25, Locality 1, 7e610b237446e3e6607bdad5177f67b2,402363.9639,5044040.222,45.54305269,-94.2506677, 15T,3,5,-1, Dike orientation ,77.52416992,157.377945,67.37794495,0.93869019, Diabase Dike, Wed Jul 24 11:02:49 2019, ,,,
Nick,3142608518a38e51b1d5ca8e90476a25, Locality 1, 0ca405e226113d7b3cffb5122f9c5e6a,402359.221,5044044.99,45.54309494,-94.25072939, 15T,3,5,-1, Dike orientation ,79.73233795,154.808548,64.80854797,0.93869019, Diabase Dike, Wed Jul 24 10:59:08 2019, Joint in granite with mm-thick very fine-grained dark grey band. Potentially a bit of melt associated with NED diking?,,,
Nick,3142608518a38e51b1d5ca8e90476a25, Locality 1, 50919cfb1a91c20412fd88b92356a3f5,404771.1815,5041104.58,45.51696813,-94.21926859, 15T,3,5,-1, Dike orientation ,89,160.457962,70.45796204,0.93869019, Diabase Dike, Tue Jul 23 19:16:05 2019, ,NED34,,
Nick,3142608518a38e51b1d5ca8e90476a25, Locality 1, 03dba6c3b33a538ce4852955842748c0,404770.8062,5041109.192,45.51700958,-94.21927429, 15T,3,5,-1, Dike orientation ,86.93286133,163.4821014,73.48210144,0.93869019, Diabase Dike, Tue Jul 23 19:12:53 2019, ,NED34,,
Nick,3142608518a38e51b1d5ca8e90476a25, Locality 1, d29a40d95a7dfbea3df2773a9724707f,404771.0969,5041110.226,45.51701892,-94.21927077, 15T,3,5,-1, Dike orientation ,80.51206207,149.8276978,59.82769775,0.93869019, Diabase Dike, Tue Jul 23 19:12:39 2019, ,NED34,,
Nick,3142608518a38e51b1d5ca8e90476a25, Locality 1, a56784c6002b7014d4c595c1e4bc1364,404768.6278,5041103.72,45.51696004,-94.21930111, 15T,4,5,-1, Dike orientation ,88.67685699,161.6823578,71.68235779,0.93869019, Diabase Dike, Tue Jul 23 19:12:20 2019, ,NED34,,
Nick,3142608518a38e51b1d5ca8e90476a25, Locality 1, c75fafa3869397ece7de4d6b7d85028a,404772.0782,5041101.973,45.51694478,-94.2192566, 15T,4,5,-1, Dike orientation ,88.42483521,157.8581848,67.85818481,0.93869019, Diabase Dike, Tue Jul 23 19:12:01 2019, ,NED34,,
Nick,3142608518a38e51b1d5ca8e90476a25, Locality 1, b0cd4de54604873ed734cab48f4873bb,404771.2822,5041106.47,45.51698514,-94.21926767, 15T,4,5,-1, Dike orientation ,88.46230316,160.3108673,70.31086731,0.93869019, Diabase Dike, Tue Jul 23 19:11:48 2019, ,NED34,,
Nick,3142608518a38e51b1d5ca8e90476a25, Locality 1, d92b37f3bc160fee85b71b2012764340,402998.3457,5043014.862,45.5339142,-94.24234028, 15T,3,5,-1, Dike orientation ,71.91952515,147.4332581,57.43325806,0.93869019, Diabase Dike, Tue Jul 23 10:19:17 2019, NED3,,,
Yiming,f40b2c90723e6730c9006f33aadbc300, Locality 1, 809c172ee9f20a409807c5fbd7b95539,403109.3112,5042398.379,45.528382,-94.240797, 15T,349.125587,5,6, Dike plane,84,351,261,1.198, Diabase, Wed Aug  7 20:48:21 2019, ,NED32,,
Yiming,f40b2c90723e6730c9006f33aadbc300, Locality 1, 7d058ad544555bfcac58ea0bc75f4683,403105.4005,5042396.535,45.528365,-94.240847, 15T,349.956,5,6, Dike plane,86,151,61,1.198, Diabase, Wed Aug  7 20:48:10 2019, ,NED32,,
Yiming,f40b2c90723e6730c9006f33aadbc300, Locality 1, 619fa1998942332896758cc1836addf5,403101.8335,5042393.209,45.528334,-94.240892, 15T,351.088174,5,3, Dike plane,81,6,276,1.198, Diabase, Wed Aug  7 20:47:50 2019, ,NED32,,
Yiming,f40b2c90723e6730c9006f33aadbc300, Locality 1, bbb354c19824815eaebb45637041ea5f,403100.8229,5042393.057,45.528333,-94.240905, 15T,350.823925,5,3, Dike plane,89,196,106,1.198, Diabase, Wed Aug  7 20:47:45 2019, ,NED32,,
Yiming,f40b2c90723e6730c9006f33aadbc300, Locality 1, a95b92e5f610f873e3a65fa8e23f4fe7,403095.8256,5042395.882,45.528358,-94.24097, 15T,350.78475,5,4, Dike plane,87,175,85,1.198, Diabase, Wed Aug  7 20:47:17 2019, ,NED32,,
Yiming,f40b2c90723e6730c9006f33aadbc300, Locality 1, 59081b6dd1eff1f99f74a9c529dd2d3c,403096.0917,5042393.615,45.528337,-94.240966, 15T,351.724349,5,4, Dike plane,88,199,109,1.198, Diabase, Wed Aug  7 20:47:03 2019, ,NED32,,
Yiming,f40b2c90723e6730c9006f33aadbc300, Locality 1, 987ced8d85cfaab28794227a0db9abb8,401363.2693,5043123.68,45.534664,-94.263298, 15T,332.906921,10,16, Dike plane,71,167,77,1.198, Diabase, Wed Jul 24 15:59:21 2019, Target 23,,,
Yiming,f40b2c90723e6730c9006f33aadbc300, Locality 1, e5c2059d4362852ea0573d48f28b2238,401363.2693,5043123.68,45.534664,-94.263298, 15T,332.906921,10,16, Dike plane,67,173,83,1.198, Diabase, Wed Jul 24 15:59:03 2019, Target 23,,,
Yiming,f40b2c90723e6730c9006f33aadbc300, Locality 1, 0769e0543376207a9d8da3fd8b740893,401721.0794,5043100.813,45.534509,-94.258712, 15T,337.556385,5,4, Dike plane,80,134,44,1.198, Diabase, Wed Jul 24 15:03:58 2019, Target 21,,,
Yiming,f40b2c90723e6730c9006f33aadbc300, Locality 1, 5ceeffd5a329352778df5e02e2d35a41,401755.8487,5043073.028,45.534263,-94.258261, 15T,338.609957,5,3, Dike plane,85,161,71,1.198, Diabase, Wed Jul 24 14:19:39 2019, Target 18,NED24,,
Yiming,f40b2c90723e6730c9006f33aadbc300, Locality 1, e31235a26cf8baf92c157ef24400be28,401755.8973,5043073.619,45.534269,-94.258261, 15T,338.173856,5,3, Dike plane,89,343,253,1.198, Diabase, Wed Jul 24 14:19:16 2019, Target 18,NED24,,
Yiming,f40b2c90723e6730c9006f33aadbc300, Locality 1, b73971e4af35e029cc7e5cdf4b551a5e,401755.3007,5043073.563,45.534268,-94.258268, 15T,338.576079,5,4, Dike plane,88,173,83,1.198, Diabase, Wed Jul 24 14:18:51 2019, Target 18,NED24,,
Yiming,f40b2c90723e6730c9006f33aadbc300, Locality 1, ade4509c112d240910e21cf10372eb5f,401815.5318,5043025.94,45.533848,-94.257488, 15T,335.073608,5,6, Dike plane,88,157,67,1.198, Diabase, Wed Jul 24 13:54:43 2019, Target 16,NED22,,
Yiming,f40b2c90723e6730c9006f33aadbc300, Locality 1, 76f86e3ab44766811e0d37287b9d3e85,401814.0769,5043025.837,45.533847,-94.257506, 15T,338.107788,5,6, Dike plane,84,162,72,1.198, Diabase, Wed Jul 24 13:54:36 2019, Target 16,NED22,,
Yiming,f40b2c90723e6730c9006f33aadbc300, Locality 1, b369088c0a9517ddff6ba8da703844eb,404776.9872,5041113.052,45.517045,-94.219196, 15T,342.420837,5,3, Dike plane,88,354,264,1.198, Diabase, Tue Jul 23 19:13:39 2019, Target 12,NED34,,
Yiming,f40b2c90723e6730c9006f33aadbc300, Locality 1, 6575810dbed1fdbf7d4664a9f52e7cff,404778.8723,5041113,45.517045,-94.219172, 15T,343.112703,5,3, Dike plane,84,171,81,1.198, Diabase, Tue Jul 23 19:13:29 2019, Target 12,NED34,,
Yiming,f40b2c90723e6730c9006f33aadbc300, Locality 1, 81a8eb4b95036fbb76cf4fd373819bee,404774.1879,5041113.267,45.517047,-94.219232, 15T,344.279324,10,6, Dike plane,89,166,76,1.198, Diabase, Tue Jul 23 19:13:11 2019, Target 12,NED34,,
Yiming,f40b2c90723e6730c9006f33aadbc300, Locality 1, eee780e7661c18fc5b15a80c724382e7,403671.025,5043050.737,45.53433,-94.233734, 15T,350.861474,5,3, Dike plane,89,347,257,1.198, Diabase, Tue Jul 23 12:11:52 2019, Target 4 high priority,,,
Yiming,f40b2c90723e6730c9006f33aadbc300, Locality 1, f1f2e7fd8f2611e3bd2b91431aacb7e2,402997.3068,5043014.142,45.533908,-94.242353, 15T,349.445661,5,3, Dike plane,73,142,52,1.198, Diabase, Tue Jul 23 10:19:49 2019, NED3 plane,,,
Yiming,f40b2c90723e6730c9006f33aadbc300, Locality 1, 6c802c4c335b5c2233ee0181dedebf96,402997.5372,5043013.375,45.533901,-94.24235, 15T,349.558364,5,3, Dike plane,78,170,80,1.198, Diabase, Tue Jul 23 10:19:29 2019, NED3 plane,,,
Yiming,f40b2c90723e6730c9006f33aadbc300, Locality 1, fd1d8355202288cab7beb565d66af7e3,403042.4141,5043021.627,45.533981,-94.241777, 15T,338.593994,5,4, Dike plane,86,139,49,1.198, Diabase, Tue Jul 23 09:54:25 2019, NED3 dike margin measured at base of exposure,,,
Yiming,f40b2c90723e6730c9006f33aadbc300, Locality 1, c5ae1dce7e9f10b4d60a58f8375b4e19,403035.4691,5043030.541,45.53406,-94.241868, 15T,339.945557,5,4, Dike plane,89,324,234,1.198, Diabase, Tue Jul 23 09:52:16 2019, NED3 plane,,,
Yiming,f40b2c90723e6730c9006f33aadbc300, Locality 1, eec18909d0aa505409b2f731205d6cb4,403036.2321,5043029.086,45.534047,-94.241858, 15T,339.92981,5,4, Dike plane,89,145,55,1.198, Diabase, Tue Jul 23 09:52:07 2019, NED3 plane,,,
Yiming,f40b2c90723e6730c9006f33aadbc300, Locality 1, ae051650c728330d577578d44135e999,403044.026,5043030.614,45.534062,-94.241758, 15T,340.822998,5,3, Dike plane,86,136,46,1.198, Diabase, Tue Jul 23 09:48:59 2019, NED3 measured near the bottom,,,